#			
#   VizieR Astronomical Server vizier.cfa.harvard.edu			
#    Date: 2018-03-31T19:14:34 [V1.99+ (14-Oct-2013)]			
"#   In case of problem, please report to:"	cds-question@unistra.fr		
#			
#			
#Coosys	J2000:		
#INFO	votable-version=1.99+ (14-Oct-2013)		
#INFO	#NAME?		
#INFO	#NAME?		
#INFO	queryParameters=14		
#-oc.form=dec			
#-out.max=unlimited			
"#-out.add=_Glon,_Glat"			
#-nav=cat:B/ocl&tab:{B/ocl/clusters}&key:source=B/ocl/clusters&HTTPPRM:&			
#-c.eq=J2000			
#-c.r=  2			
#-c.u=arcmin			
#-c.geom=r			
#-source=B/ocl/clusters			
#-order=I			
#-out=RAJ2000			
#-out=DEJ2000			
#-out=Dist			
#-out=Age			
#			
			
#RESOURCE=yCat_102022			
#Name: B/ocl			
#Title: Optically visible open clusters and Candidates (Dias+ 2002-2015)			
#Coosys	G:		
#Table	B_ocl_clusters:		
#Name: B/ocl/clusters			
#Title: The Catalogue Data File (V3.5)			
#Column	_Glon	[ucd=pos.galactic.lon]	
#Column	_Glat	[ucd=pos.galactic.lat]	
#Column	RAJ2000	[ucd=pos.eq.ra;meta.main]	
#Column	DEJ2000	[ucd=pos.eq.dec;meta.main]	
#Column	Dist	[ucd=pos.distance;pos.heliocentric]	
#Column	Age	[ucd=time.age]	
_Glon	_Glat	Dist	Age
deg	deg	pc	[yr]
-------	-------	-----	------
116.753	-1.289	2700	8.47
114.729	-11.315	1275	9.23
116.468	-2.994	3800	8.95
117.625	2.268	1242	8.1
118.221	4.996	1000	6.1
117.63	1.206	4365	8.89
15.572	-79.261	269	7.796
116.403	-6.195	     	
61.875	-77.653	620	9.34
118.29	2.499	     	
117.726	-0.953	2530	6.7
116.165	-10.584	2170	9.1
117.796	-1.979	2420	8.6
118.152	0.197	4000	8.25
117.967	-1.306	3100	8.5
117.642	-3.691	600	6.48
117.838	-2.723	4638	8.9
118.585	-1.09	5492	9.3
118.547	-2.611	3859	9.05
119.205	1.886	     	
118.844	-1.67	4365	8.2
118.463	-6.888	1200	8.83
118.968	-3.314	1850	8.9
119.548	0.651	     	
119.444	-0.922	1430	7.74
119.763	1.69	1080	9.6
119.754	0.004	1600	8.7
119.926	-0.102	1100	8.337
119.797	-1.389	3026	8.126
119.707	-2.308	5250	8.9
120.073	1.03	5087	9.3
120.257	1.289	1123	9.055
120.996	8.602	1290	9
120.051	-2.051	2700	8.5
120.363	-0.345	1800	8.55
120.27	-2.543	1625	7.886
120.134	-4.834	1700	8.825
120.021	-7.477	1700	7.9
120.678	0.566	630	7
120.562	-1.272	5220	8.4
120.745	0.366	2960	7.9
120.748	-0.926	3162	8.4
120.861	0.537	3470	7.11
121.01	2.313	1507	9.25
121.499	-1.744	752	7
121.552	-0.89	2818	8.08
121.58	-1.244	     	
121.93	2.128	5501	9.18
121.964	1.213	1690	7.1
122.011	-1.083	657	8.114
121.968	-2.707	1775	8
122.095	1.326	1920	7
122.238	1.522	2460	7.1
122.843	22.384	1714	9.88
122.646	4.33	3798	8.25
122.742	1.255	2400	8.962
122.863	3.097	810	8.83
122.874	-4.688	5750	9.78
123.046	1.78	1450	9.22
123.123	-6.243	2940	6.54
123.128	-3.021	2534	9.21
123.138	-1.291	750	8.34
123.267	-13.304	302	8.2
123.178	2.923	1506	9.075
123.855	-7.02	1500	7.03
123.91	-6.36	     	
123.581	5.606	1600	9.1
123.672	2.812	     	
123.982	1.098	2320	7.2
124.265	-0.058	1410	8
124.543	-0.807	     	
124.678	-0.591	1785	7.41
124.652	2.831	7200	9
124.939	-1.223	1148	8.505
125.351	-0.44	1363	7.85
128.446	-30.604	190	8.313
125.888	-2.609	2323	7.5
126.11	-3.909	2400	8.26
126.049	-1.414	1800	8.7
126.317	-2.341	2075	9
126.635	-4.383	2429	7.324
126.129	0.373	3001	8.397
126.325	1.024	2146	8.86
126.83	0.385	1934	8.35
126.893	0.02	6460	9.1
127.195	0.748	2430	8.35
127.617	-1.805	2800	8.9
128.052	-1.804	2194	7.336
128.179	-0.945	1630	8
128.224	-1.133	2469	7.3
127.74	2.087	3981	9.232
127.593	3.401	2501	9
127.829	3.507	6001	9.3
128.032	2.503	3500	6.68
128.237	2.154	7500	8.6
128.546	1.732	2500	7
130.221	-6.299	1372	9.2
129.082	-0.357	2410	7
129.375	-1.534	1938	7.548
128.777	2.014	     	
127.192	9.389	702	8.373
129.467	-0.941	2420	7.4
130.346	-4.337	1200	8.17
129.293	0.76	6200	8.9
130.051	-0.957	2200	7.4
130.097	-0.977	2520	7.5
130.071	-0.189	4800	9
131.231	-4.813	1200	8.7
273.762	-67.488	1380	9.055
130.138	0.376	2570	6.6
130.557	-0.561	2750	8.45
137.125	-23.254	457	9.16
132.404	-6.159	1207	8.248
131.203	-1.634	1618	8.7
131.545	-2.769	2000	7.36
127.352	13.213	3150	9.5
130.886	1.056	2700	7
131.159	0.524	3300	8.34
130.714	2.671	1100	7.73
131.431	0.622	7700	9.15
132.223	-1.238	2800	7.6
133.334	-1.694	303	8.23
134.632	-3.741	2079	7.069
134.3	-2.615	1944	7.608
132.506	2.496	5700	7.48
133.442	0.061	2668	8.985
134.165	-1.724	3800	8.9
134.023	-1.323	2200	6.76
131.919	4.605	3981	9
135.066	-3.588	2940	7.1
132.881	2.792	1700	8.48
134.049	0.84	2009	9.1
135.152	-1.809	2200	8.95
130.089	11.112	     	
134.182	1.059	3850	8.7
134.079	1.353	6020	6.7
134.665	0.092	698	7.214
135.65	-2.31	1417	9.15
141.178	-14.624	2613	9.1
134.726	0.919	2344	6.48
135.796	-1.579	1409	7.904
136.287	-2.645	2200	7
135.417	-0.487	1660	8.8
135.352	-0.211	1575	8.3
134.516	2.048	1860	8.5
136.015	-1.198	3172	7.605
135.87	-0.571	1210	8.54
137.377	-3.971	725	7.95
137.273	-3.471	1000	8.75
135.834	0.268	2274	6.995
138.079	-4.754	2000	9.1
143.658	-15.613	499	8.249
137.765	-2.904	2434	8.8
135.747	1.562	1030	8.4
136.22	1.077	     	
135.659	2.31	3961	6.854
137.878	-1.752	2900	6.79
136.132	2.119	2050	7
137.191	0.92	2200	6.7
138.026	1.5	     	
138.029	1.502	1000	7.2
139.708	-1.341	2290	9.15
139.434	0.218	5000	9.6
146.812	-12.163	4571	9.7
274.084	-50.831	790	9.45
143.036	-3.963	1800	7.778
137.976	4.555	460	8.3
146.647	-8.931	2818	9.03
143.776	-4.287	1740	9.1
140.052	2.146	380	7.51
140.929	0.906	2175	8.4
238.549	-56.981	100	
145.1	-3.966	1155	7.3
140.545	2.99	5001	9.25
146.568	-5.863	185	7.854
155.735	-17.796	700	8.65
143.358	-0.139	871	8.4
145.837	-2.987	2580	8.3
154.952	-15.342	665	8.655
150.564	-9.23	650	8.61
146.065	-2.822	1480	9.3
146.969	-3.709	1820	8.11
138.616	8.879	1700	9.06
128.525	21.269	3100	8
142.965	3.288	2301	8.952
162.166	-19.73	     	
160.49	-17.802	385	7.641
166.571	-23.521	133	8.131
147.071	-0.508	3000	8.9
143.942	3.573	1750	8.3
148.096	-1.292	1199	7.964
149.076	-1.97	     	
142.557	6.185	7000	8.05
145.12	3.68	4400	7.6
147.948	0.345	4000	8.508
148.121	0.287	1742	8.72
291.137	-35.705	775	9.3
148.571	0.362	1400	8.895
149.774	-1.019	2200	8.82
146.265	3.121	     	
146.27	3.139	3981	6.6
203.622	-43.33	1020	9.2
149.74	-0.197	1340	9.3
150.112	-0.552	5126	9.22
150.609	-0.957	     	
150.853	-1.118	     	
149.847	0.187	1230	8.8
150.681	-0.596	     	
167.489	-17.983	1670	9.1
151.142	-0.653	1818	8.08
143.672	7.658	1000	7
152.59	-1.574	1320	8.11
154.494	-3.422	2420	8.55
153.409	-1.877	3400	8.56
283.773	-38.261	1055	9.48
152.057	0.258	1090	8.6
159.306	-6.866	3000	9.1
151.269	1.782	4400	8.6
147.484	5.701	1070	7.718
151.176	2.124	1589	7.4
157.081	-3.642	2200	8.041
153.359	0.184	711	8.448
162.895	-9.18	2501	9.02
152.406	1.482	3501	7.9
168.648	-13.72	1800	8.48
150.391	3.888	     	
156.888	-2.158	1638	8.61
180.064	-22.343	45	8.896
168.287	-12.287	1052	9
159.303	-3.039	1100	8.47
158.574	-1.579	2559	7.61
277.203	-38.318	985	9.52
154.878	2.503	2450	9
156.933	0.967	     	
155.357	2.608	6000	6.6
139.345	16.148	200	8.7
162.023	-2.746	1819	9.06
162.294	-2.598	3500	8.945
162.125	-2.408	1678	8.391
161.67	-1.991	3162	9.6
162.6	-2.705	3103	8.965
163.944	-3.809	1500	9.06
162.309	-2.333	     	
180.337	-16.772	540	8.158
152.292	6.329	501	8.5
162.267	-2.138	1700	9.05
162.436	-2.221	3662	8.8
160.336	-0.396	3028	7.724
187.695	-21.114	437	8.625
185.845	-19.735	700	9.3
163.034	-1.856	500	8.42
226.162	-37.144	     	
161.677	-0.446	1199	8.465
160.13	0.963	2501	8.9
164.179	-1.833	2500	8.7
167.583	-4.117	2325	9.35
155.085	5.924	2470	9
159.356	2.578	     	
174.099	-8.832	2500	7.4
163.007	0.145	2125	8.95
159.143	3.277	     	
280.014	-35.247	3080	8.7
167.085	-2.764	1250	8.85
162.873	0.707	5500	9.2
169.041	-3.864	3801	9.2
162.53	1.344	2501	8.8
162.266	1.609	1202	9.4
168.384	-3.086	3001	8.3
163.867	0.49	2800	9.5
164.06	0.519	1193	8.35
155.764	6.851	630	8.755
179.075	-10.645	800	8.645
179.178	-10.696	630	8.3
179.154	-10.49	760	8.6
166.986	-1.003	1600	9
170.46	-3.554	     	
167.67	-1.335	5200	9.3
173.771	-5.843	8701	9.1
180.79	-10.859	276	8
168.903	-2.015	1469	8.155
158.609	5.686	3840	8.95
167.298	-0.745	4710	8.4
167.685	-0.632	5370	6.7
179.664	-9.261	2100	9.15
157.033	7.358	     	
162.259	3.619	4500	8.805
160.703	4.85	3470	9.25
186.156	-13.096	1972	8.612
138.373	19.61	     	
163.401	3.26	800	7.71
173.215	-3.468	868	7.6
250.87	-35.258	2180	8.655
173.072	-2.485	     	
279.04	-33.607	460	8.78
169.645	0.033	3250	8
170.675	-0.442	4290	9.45
168.405	1.259	2490	8.5
228.58	-30.681	2856	8.65
171.837	-1.029	1100	8.61
168.286	1.444	3370	7.173
175.646	-3.648	2700	10
163.632	5.017	5800	9.63
170.985	0.077	1400	8.6
173.585	-1.68	3500	6.18
167.277	2.684	1472	8.905
173.578	-1.52	     	
195.104	-15.317	1710	8.59
192.24	-13.56	1220	8.9
166.37	3.546	3860	8.5
176.901	-3.588	7870	9.4
173.694	-1.363	1800	9.35
200.982	-18.344	460	6.93
174.435	-1.787	2860	8.95
176.562	-3.071	2000	7.12
172.639	-0.323	1300	8.72
177.322	-3.451	2600	9.1
166.894	3.58	4168	9.67
172.74	-0.321	     	
163.083	6.159	4800	9
188.005	-10.317	580	8.8
202.085	-18.481	500	7.12
159.51	8.586	2720	9.05
171.889	0.453	2300	9.55
197.271	-15.556	92	7.3
196.585	-15.103	3599	8.25
173.047	-0.119	1000	7.625
204.889	-19.466	350	7.64
173.863	-0.59	900	7.3
168.41	3.094	550	8.33
172.619	0.306	1800	8.5
173.373	-0.189	2005	6.3
173.107	0.046	1900	7.5
172.25	0.695	1400	8.5
201.669	-17.526	450	7.35
199.861	-16.479	500	7.11
170.441	2.282	3240	8.7
173.898	0.281	2300	6.3
203.483	-17.373	8400	9.78
169.414	3.664	3743	8.985
180.677	-3.538	2530	8.6
181.506	-3.892	3816	6.55
170.144	3.487	     	
195.048	-12.004	400	6.7
208.007	-18.939	380	6.7
208.472	-19.127	500	7.08
209.01	-19.386	414	7.11
209.523	-19.593	550	6.67
205.03	-17.351	387	6.98
181.393	-3.41	1220	8
174.534	1.072	1330	7.4
176.49	-0.11	1300	6.7
177.062	-0.412	     	
177.066	-0.406	1700	8.35
177.068	-0.192	2153	8.655
181.779	-3.051	1400	8.45
176.781	0.12	3300	7
180.422	-2.139	     	
206.811	-17.346	399	7.11
171.618	3.562	380	7.9
221.623	-23.708	1120	9.2
177.099	0.188	2100	8.75
177.632	-0.106	1359	9.05
175.559	1.206	4300	8.3
175.558	1.211	3700	8.65
176.625	0.894	3260	9
170.753	4.642	3610	8.95
178.749	-0.185	1213	9.1
184.829	-3.819	     	
179.123	-0.225	1100	8.805
177.939	0.533	6770	7
179.68	-0.511	2100	7
187.234	-5.059	1418	8.74
185.964	-4.106	5400	9.08
156.514	13.417	1100	9.18
238.929	-27.93	542	9.32
179.956	-0.295	2600	7.5
183.528	-2.25	1836	7.3
174.645	3.704	2000	8.6
179.229	1.199	3000	8.3
199.031	-10.39	2510	9.11
182.554	-0.741	1881	7.3
176.395	3.119	6403	8.618
182.034	-0.169	     	
180.539	0.811	2500	8.45
186.273	-2.55	3500	8.65
183.352	-0.569	1063	8.635
186.84	-2.509	5000	9.34
182.058	0.425	1586	7.15
182.416	0.247	     	
179.901	1.744	2800	9.3
177.635	3.091	1383	8.54
179.919	1.746	     	
184.132	-0.41	2200	9
205.872	-12.615	940	9.25
182.743	0.481	3300	8.9
268.69	-30.2	974	9.22
188.052	-2.216	4600	9.4
187.442	-1.114	1800	8.4
192.139	-3.802	     	
199.877	-8.079	6000	9.52
176.159	6	2000	8.78
216.203	-15.661	     	
186.601	0.144	2200	7
163.186	13.144	1090	9.1
198.044	-5.811	4033	9.231
202.235	-8.037	800	9.15
189.587	-0.757	2886	7.2
179.807	4.75	1960	8.9
188.105	0.145	2977	8.735
194.6	-3.494	1090	8.9
235.396	-22.288	1100	9.4
186.382	1.246	2040	7.8
186.294	1.3	2100	8.4
195.586	-3.593	2000	9
190.779	-0.774	3465	6.61
186.634	1.781	5071	9.023
191.006	-0.613	1633	8.81
195.608	-2.935	1052	7.067
186.581	2.171	2520	8
186.591	2.191	912	8.25
184.898	3.128	     	
184.902	3.13	5300	7.95
185.44	2.89	2127	9.005
203.966	-7.246	2835	8.9
180.574	5.593	2100	9
186.132	2.591	6309	6.95
228.801	-18.758	272	7.78
190.043	0.482	1627	6.953
203.849	-7.009	910	8.85
186.516	2.527	3000	9.15
186.524	2.536	     	
196.66	-2.999	1994	9.105
193.328	-1.119	1721	8.87
193.23	-1.019	1500	8.7
190.078	0.797	1000	7.7
195.54	-2.192	2397	8.71
211.427	-10.582	640	8.37
162.161	15.13	1445	9.18
203.551	-6.192	2700	8.3
196.918	-2.539	2180	8.1
202.309	-5.258	1980	8.11
195.318	-1.317	4597	8.98
197.25	-2.35	3781	8.515
188.792	2.387	1775	8.2
195.553	-1.285	2421	9.4
208.123	-7.904	1500	8.42
236.371	-20.356	990	9
197.314	-2.098	3150	8.4
173.415	10.654	3467	9.15
205.368	-6.22	348	7.78
226.014	-16.107	2629	8.896
196.213	-1.198	2084	7.15
203.622	-4.905	900	8.74
189.209	3.011	2075	8.37
188.2	3.684	800	7.5
187.25	4.197	2800	9.4
190.976	2.285	1243	7.145
196.68	-0.582	1734	8.75
192.845	1.565	1380	7.9
167.52	14.422	600	8.45
252.5	-23.926	1170	9.48
215.993	-10.102	790	8.85
207.415	-5.522	1467	8.64
195.59	0.754	5800	8.7
215.278	-9.424	9800	9.18
205.109	-3.981	2670	9.145
205.621	-4.122	2152	8.55
213.96	-8.288	2023	8.9
193.837	2.328	2981	8.65
197.017	0.976	1786	8.735
197.649	0.647	3443	8.7
192.431	3.401	2803	6.686
194.259	2.474	1296	8.495
197.922	0.581	8900	8.48
195.944	1.682	2330	9
218.78	-9.861	3200	9.11
214.432	-7.542	359	7.727
198.968	0.544	2415	7
205.319	-2.695	     	
216.64	-8.227	400	6.96
195.534	2.832	4800	7.7
202.258	-0.665	4570	8.4
239.478	-18.014	4458	9.032
204.37	-1.699	2930	8.538
207.484	-3.166	1791	8.635
207.964	-3.386	962	7.031
214.347	-6.508	8872	9
219.261	-8.931	2100	6.7
201.747	0.006	556	
206.17	-2.273	3900	6.7
200.79	0.63	1933	8.7
205.37	-1.758	630	8
204.602	-1.312	2290	9.02
200.176	1.102	1916	8.68
206.306	-2.072	1660	6.28
199.659	1.6	2308	8.91
179.212	11.846	1551	9.2
192.606	5.446	6918	8.9
215.468	-6.238	1795	8.78
203.779	-0.12	1328	8.102
211.252	-3.86	2032	8.86
203.577	0.106	1329	8.427
206.248	-1.261	900	8.84
204.327	0.047	2364	8.307
211.763	-3.743	1551	8.79
239.624	-16.518	1240	9
223.952	-9.684	1480	8.68
206.943	-1.116	2025	8.5
203.816	0.53	1684	8.033
206.265	-0.719	     	
202.865	1.05	2820	9.6
208.555	-1.808	1687	8.025
206.004	-0.463	1000	9.9
207.154	-0.889	1738	7
212.151	-3.436	4700	9.34
212.718	-3.65	1985	7
201.762	2.075	3311	8.5
209.649	-1.979	1950	9.15
205.343	0.327	1191	7.7
210.567	-2.104	3600	9
210.243	-1.853	1202	8.8
199.794	3.537	4626	9.1
236.56	-14.401	1925	9.35
202.936	2.196	667	6.954
226.612	-9.7	11400	9.7
238.774	-15.075	3161	8.945
201.225	3.268	2160	8.48
212.647	-2.524	1298	8.935
223.494	-7.933	     	
238.78	-14.817	1100	9.18
211.919	-1.875	625	
210.489	-1.099	1599	9.25
207.887	0.299	1687	8.416
187.79	10.294	3000	8.8
210.102	-0.755	1191	9.05
210.824	-1.032	2780	7.48
208.983	-0.078	1400	8.64
210.662	-0.734	1261	8.45
212.646	-1.741	6310	8.95
211.942	-1.273	6800	6.8
222.804	-6.656	7140	9.1
190.181	9.728	1400	8.86
231.02	-10.445	710	8.4
210.797	-0.293	1917	8.55
211.228	-0.401	1641	7.85
212.44	-0.976	2398	8.33
215.306	-2.273	2600	8.3
174.901	16.881	558	8.554
212.301	-0.39	2661	6.665
222.047	-5.339	4700	8.9
234.307	-11.188	9100	9.6
207.682	2.366	12589	9.6
206.355	3.069	800	8.09
206.943	2.798	2095	8.6
251.968	-18.039	1753	8.8
207.784	2.607	5035	9.3
212.558	0.279	870	8.2
219.297	-3.117	1500	7.08
210.407	1.506	2557	7.846
209.778	1.833	1180	8.79
211.082	1.194	3500	7.6
234.346	-10.327	2362	8.75
213.302	0.301	1429	8.735
197.983	8.025	14871	9.025
217.118	-1.457	1200	8.75
225.339	-5.573	2304	8.7
207.235	3.644	1905	8.93
213.383	0.507	800	8.34
214.727	-0.116	750	8.06
219.693	-2.605	1200	8.85
197.216	8.901	4400	8.8
230.004	-7.555	4712	9.15
213.227	1.074	3150	8.5
225.297	-5.021	7691	9.5
219.845	-2.246	2511	8.4
235.702	-9.991	1100	7.08
219.092	-1.596	800	8.2
219.488	-1.724	1737	8.18
206.254	5.12	8272	9.313
225.424	-4.622	6000	8.9
210.78	2.858	4790	8.48
217.759	-0.694	2290	8.6
207.952	4.404	3078	9.7
212.94	1.914	1753	8.37
204.563	6.29	2245	8.52
221.926	-2.401	1706	9.15
226.048	-4.46	1335	7.7
217.494	-0.016	736	7.9
223.117	-2.76	4110	9.5
219.132	-0.68	1952	6.35
214.159	1.884	7280	9.45
216.638	0.63	     	
232.334	-7.314	4169	8.98
221.857	-2.028	717	7
211.258	3.409	1100	8.61
210.891	3.698	600	8.63
216.848	0.803	2830	8.785
226.194	-3.92	2190	8.845
237.883	-9.605	750	8.18
233.725	-7.57	3434	8.795
215.2	1.945	2906	8.4
221.672	-1.331	950	8
278.142	-23.809	1070	9.26
232.832	-6.88	6080	9.01
236.676	-8.729	800	7.26
208.54	5.528	4285	9.05
218.789	0.35	1762	7.89
224.61	-2.509	1500	7.59
213.447	3.297	3800	8.65
231.997	-6.155	8900	9.51
220.314	-0.096	5664	8.8
225.475	-2.568	1400	6.7
240.015	-9.647	1789	8.7
227.94	-3.586	4500	8.7
241.648	-10.341	1786	9.105
232.554	-5.851	2900	9.04
225.099	-1.998	12600	9.18
223.6	-1.183	1417	8.21
224.059	-1.406	5410	8.8
224.224	-1.473	2123	8.8
189.728	15.218	1285	9.23
227.024	-2.88	2964	9.12
239.939	-9.305	900	7.56
233.267	-5.981	1870	9.18
226.132	-2.32	2436	9.225
222.641	-0.51	2276	8.755
219.885	1.012	1800	8.74
237.889	-8.144	1300	9
224.268	-1.173	1056	7.104
226.58	-2.314	2251	7.853
226.315	-2.168	1706	9.32
216.301	3.248	5805	8.3
230.045	-3.8	1000	8.84
212.602	5.36	4390	8.95
139.585	27.352	1900	7.85
209.672	6.993	550	8.55
222.6	0.365	4650	9.15
223.437	0.004	500	7.47
222.78	0.351	1628	8.88
213.463	5.689	800	8.49
236.774	-6.263	1750	8.08
224.206	0.32	1634	8.585
224.768	0.068	1882	8.38
238.368	-6.792	1750	9.18
220.597	2.487	3095	8.065
224.685	0.384	1170	8.1
234.317	-4.637	750	8.51
243.569	-9.185	4023	9.06
242.989	-8.802	472	7.08
227.492	-0.566	6140	9.5
257.921	-15.378	288	8.7
231.025	-2.28	630	8.72
203.39	11.803	1949	8.9
247.338	-10.5	3027	8.315
228.256	-0.776	1520	8.3
248.765	-11.132	316	7.407
229.807	-1.426	1120	8.8
237.69	-5.454	1600	8.73
232.462	-2.726	     	
231.635	-2.187	3840	8.9
232.312	-2.53	     	
238.179	-5.548	1480	6.7
235.62	-4.107	3930	7.8
233.544	-2.903	3416	8.7
235.596	-3.837	1400	6.7
227.86	0.258	3054	8.826
217.23	5.935	5250	8.8
223.003	3.02	1919	8.3
233.703	-2.632	1023	8.495
214.689	7.386	13200	9.7
236.562	-4.122	2128	7.85
219.253	5.181	4630	8.8
217.288	6.295	3113	8.95
224.414	2.627	     	
242.673	-6.804	4500	9.18
233.788	-2.055	2160	8.2
227.533	1.344	2380	8.5
237.128	-3.731	1263	8.325
211.785	9.599	4800	9.45
228.415	1.02	1468	8.463
239.59	-4.899	     	
238.48	-4.283	442	7.2
244.93	-7.591	405	7.548
238.478	-4.179	     	
239.928	-4.941	1056	7.648
235.27	-2.461	3400	8.45
231.796	-0.587	1900	8.15
238.411	-4.114	     	
235.39	-2.393	3070	7.15
235.961	-2.518	1797	8
235.634	-2.281	1607	8.7
230.279	0.622	2800	
233.233	-0.934	2640	8.4
259.559	-14.244	4700	9.53
238.331	-3.641	2083	8.65
242.451	-5.752	1208	8.5
244.58	-6.814	3894	8.65
250.278	-9.708	4317	9.26
221.98	5.365	500	8.6
204.605	13.988	512	9.07
238.213	-3.332	1474	7.43
227.523	2.627	588	
236.396	-2.159	3750	9.4
230.798	0.935	3000	8.45
230.817	1.007	3700	9.3
210.783	11.469	940	8.95
235.609	-1.573	2749	9
233.432	-0.326	2936	7.9
243.043	-5.426	1609	9.03
229.665	1.854	5888	7.8
233.755	-0.187	2494	7.1
206.508	13.901	2070	8.475
231.397	1.13	     	
238.082	-2.405	3060	8.78
230.983	1.484	2299	8.55
232.454	0.77	872	7.545
231.154	1.528	1706	8.44
226.369	4.173	9120	9.4
232.753	0.774	2291	7
229.861	2.434	4500	8.975
228.898	2.96	1983	7.78
234.745	-0.218	3981	7
237.953	-1.719	1500	8.71
229.601	2.918	440	8.46
231.412	1.946	3455	6.976
242.593	-4.161	1670	8.6
235.875	-0.448	1836	8.265
229.974	2.847	700	8.58
232.024	1.979	4336	6.7
235.375	0.151	1920	6.95
242.389	-3.52	5800	8.9
236.271	0.069	2200	7.9
230.958	3.13	490	7.861
238.754	-1.169	3585	8.895
236.269	0.275	3200	8.2
246.501	-5.401	3596	9.1
230.484	3.537	766	8.867
232.061	2.683	1820	8.6
241.423	-2.555	6287	9.01
228.949	4.498	3154	8.371
241.601	-2.526	1490	8.95
249.986	-7.13	     	
231.504	3.297	3550	9.34
198.107	19.634	2480	9.3
227.841	5.361	3981	8.78
248.125	-5.876	13341	9.335
227.831	5.619	     	
233.071	2.714	2100	8.68
245.657	-4.31	4712	8.76
232.908	2.897	650	8.68
242.494	-2.499	1400	8.6
247.988	-5.483	2806	6.742
143.625	29.466	1133	9.48
245.009	-3.725	714	
246.442	-4.467	1300	7
235.471	1.778	1900	8.7
245.648	-3.927	1606	9.02
240.104	-0.744	2312	8.6
233.058	3.258	2100	8.49
231.858	4.064	1510	8.4
250.088	-5.974	930	9
252.575	-7.299	189	7.78
249.373	-5.244	1490	9
252.051	-6.726	302	7.648
240.039	0.135	1037	8.588
240.759	-0.264	1040	7.19
243.985	-2.051	3483	8.35
241.566	-0.573	5346	7.08
247.952	-4.158	3500	7.3
260.195	-10.87	1031	8.705
237.202	2.157	2630	9
238.557	1.381	1558	8.81
246.662	-3.246	3910	8.6
223.461	10.094	4780	9.9
219.353	12.353	370	8.44
248.214	-3.941	4230	8.8
248.215	-3.942	     	
243.275	-0.94	2150	7.187
242.593	-0.334	1681	7.606
243.993	-1.137	1980	9
243.183	-0.606	4440	7.8
243.219	-0.619	2255	8.7
238.354	2.32	2650	8.26
242.076	0.231	     	
256.948	-8.373	1613	9
234.94	4.527	5250	9.48
242.097	0.467	3165	7.078
237.564	3.186	2928	8.73
245.886	-1.73	4100	9
239.316	2.32	2121	9.215
247.705	-2.527	2880	7.7
244.584	-0.546	2770	9.2
253.563	-5.838	1341	8.85
248.826	-3.039	1150	8.65
239.733	2.396	4591	9.005
243.172	0.378	1355	7.103
273.099	-16.273	550	8.33
243.151	0.447	6028	6.893
243.081	0.524	6400	6.65
266.455	-12.847	800	8.57
244.736	-0.385	1000	8.28
243.779	0.37	3150	8.84
253.54	-5.301	8020	8.78
235.984	5.381	1585	9
242.562	1.443	5200	
241.626	2.035	1194	8.65
244.791	0.239	1659	7.089
243.072	1.285	2289	8.001
246.713	-0.773	3957	7.264
246.972	-0.931	3117	8.121
243.326	1.639	5457	8.6
246.246	-0.043	4499	8.49
273.816	-15.856	409	8.052
250.966	-2.841	8500	8.8
245.93	0.347	1300	8.47
245.746	0.482	4730	6.941
244.943	1.084	1212	7.8
240.776	3.655	3677	8.35
235.322	7.028	1888	9.3
230.564	9.935	3750	9
247.36	-0.139	1848	8.65
237.84	5.848	912	9.9
244.85	1.633	2951	7.92
257.152	-5.847	2330	10.1
259.581	-7.302	1783	9.35
264.923	-10.444	1100	7.89
248.252	-0.188	3006	7.89
247.168	0.512	2273	8.5
249.131	-0.638	3030	8.6
261.375	-8.163	421	7.142
244.716	2.268	1823	7.93
248.212	0.124	1834	8.775
248.048	0.27	2514	9
248.705	-0.144	2860	7.21
246.087	1.855	601	8.649
249.201	-0.088	2311	8.57
249.335	-0.157	2177	8.2
248.579	0.759	830	9.05
247.8	1.31	1700	8.84
249.879	-0.018	3050	8.45
253.018	-2.012	3240	9.48
253.593	-2.117	3030	8.6
262.803	-7.686	336	
264.465	-8.597	361	7.585
233.705	11.112	1363	8.57
252.19	-0.627	2391	8.5
244.991	4.125	1700	8.59
256.744	-3.491	2290	8.65
250.032	0.959	5470	8.9
254.855	-1.986	919	7.874
250.691	0.804	4600	7
246.775	3.377	3050	9.4
257.291	-3.513	410	8.7
258.522	-4.224	8240	9
227.872	15.393	770	8.6
254.081	-0.959	480	8.4
250.436	1.565	2229	8.85
246.316	4.378	1764	8.975
249.609	2.339	1000	7.47
253.632	-0.311	3000	7.12
264.441	-7.329	900	7.71
254.056	-0.095	     	
258.851	-3.338	3310	9.06
255.112	-0.711	5907	7.928
249.795	2.961	1677	8.469
249.106	3.532	1342	7.488
254.012	0.25	3888	9.2
261.935	-5.112	1146	8.635
253.07	0.939	874	7.727
254.674	0.213	1033	7.61
249.871	3.675	4000	8.2
259.599	-2.98	     	
254.978	0.329	750	6.95
259.332	-2.553	     	
252.28	2.449	4950	8.65
259.501	-2.572	     	
255.056	0.557	1486	8.11
249.459	4.472	2700	8.7
249.277	4.81	2187	8.915
259.242	-2.121	2170	8.9
264.103	-5.51	6160	8.6
259.252	-2.105	     	
253.496	2.135	3900	9.11
257.995	-1.001	6600	9.3
259.46	-1.719	2410	8.75
254.172	2.128	2760	9.05
260.011	-1.852	2740	9.05
258.686	-0.811	2397	8.3
276.146	-12.754	1320	8.9
241.639	11.584	2059	7.75
262.575	-2.969	950	8.48
257.865	0.502	1394	9.027
260.435	-1.307	3048	8.85
258.295	0.275	900	7.88
255.947	2.031	2695	9
260.685	-1.298	2980	8.9
242.501	11.782	2160	8.735
265.801	-5.016	3760	8.7
257.394	1.615	400	9.09
262.863	-2.439	593	7.533
262.353	-1.785	11220	8.84
267.649	-5.485	3090	8.8
262.927	-1.916	2644	7.05
251.583	6.651	2000	9.15
259.756	0.53	800	8.45
259.34	0.918	869	7.197
264.484	-2.964	3371	8.2
255.6	3.957	4000	8.78
264.787	-2.908	1668	7.283
263.075	-1.551	500	8.57
265.721	-3.538	1864	8.77
265.54	-3.365	1659	8.73
263.737	-1.812	3530	9.25
205.92	32.484	187	8.863
270.362	-6.839	175	7.661
258.493	2.286	3760	8.78
259.052	1.994	4900	8.7
265.082	-2.579	1312	7.427
262.797	-0.792	1504	8.256
292.482	-21.653	97	6.9
266.636	-3.592	800	6.8
264.179	-1.65	1713	6.89
265.929	-3.013	2826	9.033
250.652	8.887	1831	9.2
254.555	6.07	2021	9.152
258.586	3.001	3708	9.45
260.586	1.469	1401	8.5
257.265	4.258	1990	9.15
266.45	-2.998	2010	9
265.433	-2.18	3910	9.1
265.189	-1.958	5754	7
261.486	0.991	838	7.128
253.944	6.958	661	7.9
254.089	6.926	     	
267.485	-3.625	1188	7.69
262.148	0.787	1660	7.9
266.7	-2.841	1711	8.8
270.835	-6.092	1046	7.927
270.81	-6.047	667	
270.225	-5.453	3413	8.76
262.791	0.674	424	7.542
259.379	3.443	900	8.14
266.364	-2.192	4374	9.4
266.329	-1.922	     	
266.373	-1.895	1300	8.78
264.482	-0.284	1102	6.85
175.916	39.277	860	9.51
216.035	31.421	900	9.36
215.399	31.694	1783	7.1
262.504	1.478	850	7.48
215.07	31.925	     	
215.696	31.896	808	9.45
216.147	31.759	     	
269.232	-3.767	3770	9.05
264.645	0.077	2840	8.85
215.159	32.293	     	
258.01	5.855	2198	9.55
215.837	32.304	     	
261.527	3.749	4108	9.05
264.488	1.463	680	7.24
267.926	-1.466	1300	6.7
269.209	-1.843	1853	7.2
270.733	-3.04	1621	8.88
265.429	1.96	4767	6
267.488	0.65	1366	7.85
274.923	-5.921	450	8.96
277.682	-7.621	132	7.78
275.621	-5.619	4131	8.775
273.897	-3.972	885	8.45
268.987	0.806	1063	8.615
266.876	3.378	174	8
271.657	-0.708	3600	7
261.98	8.584	1855	8.626
271.944	-0.797	5823	9.05
286.245	-14.08	500	8.53
265.274	6.357	6170	9
263.577	8.078	1870	8.65
268.64	3.216	1714	9.4
279.556	-7.504	6347	9.2
274.179	-2.169	7900	8.7
271.631	0.399	2300	8.84
263.044	8.97	3074	8.9
276.787	-4.481	4300	9.15
273.123	-0.764	2600	8.3
271.011	1.415	     	
270.715	2.13	2700	9
273.754	-0.937	1262	7.734
268.895	4.051	3360	9
276.003	-3.006	7000	8.9
275.01	-1.902	3910	9.3
273.759	-0.375	7500	9.11
276.464	-3.117	4129	7.501
277.83	-4.419	1134	8.113
275.964	-2.409	1500	8.75
270.751	3.206	2790	8.75
275.706	-1.881	1641	7.987
275.15	-1.145	1314	7.35
275.314	-1.176	2607	8.203
277.776	-3.666	2024	7.419
275.503	-1.18	3190	9.1
273.633	0.951	5557	9.1
275.936	-1.254	774	7.85
275.282	-0.473	5510	8.3
264.537	11.125	400	8.49
272.493	2.869	2900	9.11
276.991	-2.053	2500	8.25
266.795	9.209	1789	7.85
276.83	-1.204	1380	8.58
280.566	-5.366	2500	8.12
276.274	-0.354	2910	8.5
274.686	1.757	2062	7.968
274.899	1.598	1594	8.635
277.099	-0.818	1979	7.093
270.752	6.701	2624	8.3
270.754	6.708	2500	8.33
276.202	0.688	2290	9.35
276.202	0.688	2290	9.35
275.397	1.753	7690	9.2
279.159	-2.607	4602	8.6
277.903	-0.904	1200	8.84
271.24	7.015	3009	8.98
277.731	-0.473	2455	8.5
278.666	-1.082	2080	8.75
279.596	-2.071	922	7.845
285.32	-8.818	1800	8.56
278.505	-0.609	2459	8.45
283.661	-6.83	1200	8.61
277.829	0.689	1824	7.839
279.842	-1.734	1819	8.2
280.616	-2.092	1100	8.45
276.835	2.776	1400	8.84
262.719	19.834	2255	8.425
274.634	5.992	2187	8.62
264.602	18.823	3603	9.285
279.617	0.377	1819	7.6
279.915	0.264	8530	7.3
282.055	-2.417	3370	8.75
280.202	0.069	1400	8.7
282.838	-3.393	7173	8.8
276.914	4.544	1501	8.85
283.332	-3.84	911	8.093
282.214	-2.214	3950	7.3
286.185	-7.502	5168	9.3
266.264	18.638	2860	8.15
280.719	0.059	1203	8.4
281.01	-0.254	5212	8.35
284.442	-4.861	3100	
281.021	-0.174	360	9.29
283.864	-3.775	2622	8.2
283.828	-3.698	1300	8.81
278.7	3.374	1770	8.1
283.959	-3.85	1600	8.61
283.327	-2.698	1602	8.865
286.39	-6.876	800	8.08
284.611	-4.306	940	8.39
264.82	22.289	1819	8.7
287.969	-8.597	1500	8.7
282.171	-0.335	2628	6.6
283.128	-1.456	2572	7.943
266.207	22.238	2150	8.25
287.128	-6.655	10607	9.024
281.712	1.328	600	7.04
279.372	4.883	5254	8.985
284.04	-1.601	740	8.21
286.661	-5.186	1876	8.98
282.984	0.438	1249	
283.784	-0.513	550	8.6
280.697	4.545	544	7.932
282.182	2.262	7410	8.84
290.339	-10.212	1983	9.44
285.065	-1.895	2025	8.96
282.566	2.093	540	9.03
285.515	-2.353	2400	8.5
284.276	-0.336	2850	6.3
284.567	-0.342	1547	8.083
286.088	-2.635	1445	8.3
284.588	0.035	2446	7.142
141.924	44.653	715	9.15
284.991	-0.383	750	8.98
286.285	-2.503	1415	8
285.355	-0.864	600	8.45
286.395	-2.533	4583	6
286.525	-2.728	7194	9.15
284.353	0.868	380	8.47
283.118	3.218	650	8.45
283.054	3.491	3084	9.315
285.417	-0.437	6000	7.1
286.358	-1.705	2820	8
284.687	1.164	2500	6.96
285.671	-0.322	800	8.36
285.677	0.082	2670	6.74
286.784	-1.569	710	8.38
285.856	0.074	2327	7.014
286.117	-0.361	1900	9.48
287.694	-3.046	1876	8.875
286.236	-0.29	1900	9.48
286.228	-0.188	2317	6.754
286.558	-0.625	507	7.605
284.188	3.848	894	8.229
291.507	-9.155	910	8.53
286.794	-0.5	4430	6.05
285.096	2.999	9550	9.3
289.864	-5.56	1995	7.89
287.016	-0.315	2027	6.857
289.601	-4.906	161	7.507
288.083	-2.05	398	7.6
287.408	-0.577	2900	6
287.668	-1.047	2201	6.83
287.493	-0.544	2300	6.3
287.41	-0.369	1853	6.926
287.624	-0.652	2900	6
286.41	1.937	1700	7.96
288.025	-0.856	2412	6.764
286.87	1.492	900	8.63
286.673	2.589	720	8.64
288.436	-0.666	3000	7.5
281.861	12.789	1485	9
286.048	4.7	1879	8
288.373	0.016	3250	8.78
289.638	-2.545	3019	8.385
287.936	1.161	900	8.92
289.482	-1.99	2211	7.65
289.525	-1.956	11100	
289.128	-0.673	3500	7.24
288.669	0.448	2189	7.706
290.319	-2.995	3600	
289.539	-1.26	800	8.37
289.854	-1.775	2218	7.61
288.834	0.691	3049	7.45
289.773	-1.229	     	
289.098	0.319	3250	7.9
289.164	0.297	6660	8.78
288.955	0.802	     	
289.515	-0.411	990	8.471
283.375	13.285	3162	9.35
289.637	-0.242	5875	6.713
289.469	0.139	3504	7.023
290.142	-0.768	1500	7.92
293.163	-7.123	3019	9.365
289.571	1.347	492	8.477
290.025	0.385	1159	7
290.555	-0.785	2000	6.76
290.821	-1.051	5593	9
276.027	30.688	1338	9.21
290.689	-0.308	5483	8.85
291.94	-3.167	2700	8.35
290.187	1.231	5246	8.91
290.705	0.202	1995	6.891
290.265	1.335	1636	
290.798	0.077	1776	6.784
290.794	0.093	600	8.63
291.116	-0.571	3500	7.09
290.986	-0.135	1358	7.194
290.903	0.119	2270	7.08
290.875	0.205	1577	7.16
274.064	35.893	640	8.9
291.204	-0.178	1651	7.231
291.206	-0.172	2000	7.48
290.51	1.596	1577	7.222
289.293	4.84	1000	7.76
290.171	2.895	1900	9.65
291.617	-0.522	6900	6
291.393	0.456	2208	8.65
292.402	-1.799	1238	8.542
293.507	-4.041	14000	9.74
292.904	-2.412	1715	8.55
291.327	1.963	     	
291.265	2.581	1791	9
292.832	-1.198	2420	8.65
291.603	2.364	1493	8.6
286.764	16.918	938	9.077
294.041	-1.965	3400	7.19
293.238	0.613	780	9
292.555	2.757	1200	8.55
293.467	0.703	2450	8.2
294.117	-0.03	2218	7.32
294.849	-1.654	1794	6.818
294.563	0.711	1500	7.67
294.942	-0.635	1740	8.78
295.053	-0.672	1380	7.4
294.84	0.669	1634	8.495
295.206	-0.665	     	
295.217	-0.662	2399	7.3
294.887	0.735	1560	8.6
295.386	-0.532	2569	6.6
295.614	-0.683	4416	6.35
295.764	-0.226	2200	8.6
292.457	13.363	1100	9.3
292.505	13.393	     	
294.367	6.183	1850	9.1
295.89	-0.096	860	9
295.828	0.763	1520	8.19
296.296	-0.49	1450	9.48
295.713	3.659	1200	8.71
296.792	-0.49	1357	8.343
297.306	-2.29	494	8.508
300.217	-15.609	114	6.602
297.291	-0.907	1209	8.495
297.531	-1.751	2944	9.05
297.069	1.393	650	8.65
297.633	-1.477	660	9.29
297.721	-0.207	2435	8.5
299.047	-7.237	1000	7.91
297.574	1.155	1632	7.393
297.375	3.1	2200	8.33
298.379	-2.708	4430	9.5
297.669	1.78	650	8.05
298.205	-0.496	2318	9.05
297.749	2.976	     	
298.546	-0.162	3325	9.15
298.606	-0.164	1609	7.5
298.789	-1.023	6190	9.18
299.012	-1.836	2700	6.92
298.025	7.445	1445	9.23
299.659	-2.107	1000	8.63
299.991	-4.824	1300	7.88
299.38	3.018	4319	9.1
299.313	4.556	2600	9.2
299.719	0.83	2176	8.315
300.457	-5.724	1239	7.885
299.692	1.817	     	
299.659	2.27	2702	8.89
221.353	84.025	96	8.652
300.116	-0.68	6250	9.1
299.966	1.011	1423	7.6
300.263	-1.322	5229	9.4
299.984	1.954	1184	8.032
300.068	2.639	1785	7.909
300.149	1.853	1250	8.31
299.757	6.297	2082	9.115
300.061	2.928	969	8.099
300.674	-3.809	1828	8.9
300.026	4.872	2276	7.35
300.643	-2.014	1050	7.505
300.694	1.842	1100	8.13
300.885	1.237	950	9.01
301.496	-4.46	650	8.19
301.684	-5.528	2190	9.95
301.47	2.205	3300	9.11
301.895	-0.142	1320	7.7
302.047	-0.242	3200	6.6
302.422	2.218	900	8.41
302.948	-6.858	2300	8.75
303.125	2.104	1700	7.38
303.094	-4.295	3106	8.2
303.206	2.509	1976	7.216
303.625	-2.097	3079	8.369
304.035	3.24	1100	8.3
72.32	84.591	1015	9.4
305.121	-2.517	1340	8.07
305.339	0.08	3600	6.48
305.393	0.088	3600	6.7
305.474	-0.63	1500	7.11
305.346	-3.156	12000	8.9
306.013	2.651	970	8.79
305.541	-4.347	1963	8.759
306.149	0.063	1810	6.9
305.927	-2.243	1442	7.478
306.42	0.724	1278	8
306.168	-3.513	1300	8.52
306.494	-1.025	1250	8.78
309.341	20.583	2818	9.7
307.074	2.873	2800	7.29
306.759	0.141	925	8.3
307.31	3.61	3602	9.4
306.742	-0.848	     	
307.536	3.518	1986	7.986
307.134	0.262	2226	7.59
305.993	-8.622	3835	9.1
307.477	1.337	1585	7.047
307.103	-1.64	1169	8.322
307.93	3.754	5409	9
307.595	1.202	2095	7.02
307.732	1.562	1777	8.001
312.132	27.089	1000	9.3
308.252	3.984	901	8.424
307.574	-0.297	1263	7.696
307.502	-2.024	1797	8.75
308.37	3.171	500	8.44
307.859	0.045	819	
308.281	2.222	1952	8.6
308.662	3.567	550	8.5
308.157	0.2	1100	8.9
308.226	0.31	2240	9.08
308.128	-1.949	1423	9.04
308.67	0.596	3800	
308.72	-0.875	1140	9.75
308.789	-0.734	2150	9.1
309.575	3.077	246	8
308.955	-0.668	1410	8.2
309.503	1.906	700	8.69
309.216	0.195	1089	9.35
309.161	-0.714	1108	7.146
309.332	-0.243	3000	6.65
308.638	-3.776	232	8.3
308.672	-3.832	2204	8.3
309.01	-2.492	2158	8.25
309.608	-1.366	435	8.23
309.3	-2.754	2400	8.34
308.977	-4.245	600	7.45
310.682	2.185	4028	8.55
310.229	0.115	1215	8.202
309.437	-3.242	1332	8
318.254	29.026	2048	8.2
310.748	0.07	2088	6.55
311.885	3.837	4167	9.175
311.759	3.319	500	8.45
311.519	2.382	1711	8.065
310.849	-0.337	1900	8
308.68	-8.291	2500	8.3
311.602	2.114	2630	8.4
312.302	2.838	1063	8.645
309.95	-5.609	1300	8.74
312.18	1.832	500	8.53
315.746	12.628	700	8.2
312.58	1.693	1500	8.67
312.001	-0.864	2200	6.99
313.769	3.255	1753	8.6
311.789	-3.195	3274	8.25
307.221	-16.341	1222	9.35
313.589	1.98	1349	8.15
313.921	2.042	2000	8.57
313.112	-0.288	1400	8.41
314.642	3.96	550	8.6
313.865	-0.452	900	7.95
316.315	5.607	850	8.77
314.841	0.994	1805	7.075
314.67	-0.1	2000	7.9
315.674	2.186	1346	8.84
314.712	-0.302	1500	8.9
314.647	-0.581	1516	7.95
316.445	3.309	1800	9.9
314.595	-1.478	1278	8.09
314.898	-0.9	1310	8.03
316.999	3.895	1469	8.455
316.937	3.394	666	7.968
315.66	0.298	1121	9.15
329.06	28.027	1634	9.5
315.997	-0.301	3200	8.9
109.867	44.677	25	8.3
315.139	-2.64	3412	7.95
317.528	2.084	1500	8.9
315.167	-3.258	1819	7.9
317.011	0.573	2088	8.9
315.951	-1.748	2088	8
314.288	-6.075	440	8.2
319.529	4.544	1031	7.728
320.765	6.426	1535	7.759
317.415	-1.088	2500	8.1
320.968	5.873	2800	8.3
306.559	-21.442	1380	9.3
316.829	-3.111	1764	8.74
322.442	5.946	1170	9.2
317.092	-4.204	     	
321.573	3.593	933	8.95
314.77	-8.647	2400	8.48
321.125	2.46	1192	8.9
320.811	1.569	912	8.06
321.946	3.262	1434	8.96
320.111	-0.626	2056	6.8
320.516	-1.2	3272	6.864
320.357	-1.807	1174	8.11
321.043	-0.702	4164	8.915
320.042	-2.865	800	6.86
320.821	-2.054	1562	8.56
320.923	-2.732	1500	7.93
324.361	1.72	1170	9.2
332.073	12.822	1546	9.3
326.486	4.261	575	8.15
318.759	-6.977	2231	9.2
324.654	0.656	1100	9.11
323.006	-1.747	6111	8.5
325.616	1.899	1478	8.25
323.083	-1.945	6206	8.5
327.2	2.27	1076	8.29
324.79	-1.194	1753	8.975
327.507	1.986	900	8.3
327.9	1.8	570	8.3
328.836	2.848	700	8.38
320.555	-7.741	800	8.67
329.531	3.27	1423	8.485
329.384	2.882	1608	8.5
343.817	19.809	1170	9.2
325.077	-2.643	1500	8.73
328.102	1.106	600	8.4
326.008	-1.925	2050	8.6
326.917	-1.084	     	
323.565	-5.445	900	7.68
333.024	5.853	1475	7.85
325.78	-2.986	2690	9.08
324.594	-4.644	810	8.23
339.914	12.95	4785	9.55
328.851	-0.477	1900	8.95
330.051	0.898	     	
328.547	-0.981	2100	7
324.551	-5.884	756	7.889
330.369	0.323	1600	7.43
327.234	-3.493	2088	8.9
329.281	-1.498	1823	8.069
330.959	-0.849	2160	8.78
329.745	-2.205	1417	8.076
331.468	-0.597	1000	7.6
331.909	-0.28	2686	8.76
329.836	-3.284	1312	8.34
327.726	-5.426	891	7.976
333.273	-0.071	1050	9.3
334.543	1.07	1700	8.85
332.386	-1.683	900	8.95
332.491	-1.623	937	8.95
334.668	0.429	2600	8.48
333.089	-1.187	1220	8.475
325.494	-8.601	1561	9.55
332.547	-1.798	1343	8.11
340.741	6.016	512	8.147
351.583	15.734	     	
60.866	43.876	900	9.3
334.917	-0.198	1260	8.95
333.276	-1.879	956	6.853
335.088	-0.302	3266	9.1
336.459	0.854	4126	9.07
332.918	-3.167	1030	
339.378	2.515	1007	7.5
335.222	-1.427	1108	7.887
336.385	-0.493	2000	8.18
334.399	-2.347	1551	8.4
338.405	1.211	1014	7.248
7.616	24.664	2107	8.97
338.182	0.454	2300	8.8
340.647	2.122	1547	8.13
340.37	1.869	1790	8.72
336.711	-1.574	1155	6.775
338.714	0.106	1239	8.425
337.996	-1.069	2054	6.928
337.91	-1.229	1777	7.45
61.583	40.369	820	9.7
337.956	-1.437	1750	7.45
335.697	-3.461	1000	8.75
338.56	-1.04	1200	7.9
339.479	-0.335	1633	7.5
338.561	-1.143	1216	6.78
339.555	-0.399	5500	6.7
355.061	12.428	1266	9.17
339.899	-0.211	1200	7.42
327.38	-10.741	1659	8.9
341.605	0.909	1139	8.92
340.672	0.006	4300	7.54
333.755	-5.765	939	9.069
341.152	0.283	1475	7.35
343.464	1.184	1243	6.843
344.397	1.807	1200	8.17
340.919	-1.089	881	6.712
337.732	-3.66	3584	9.3
344.259	1.594	1607	8.05
344.393	1.613	1000	
345.468	2.466	1131	7.608
344.496	1.57	1841	7.1
344.604	1.617	2160	7.12
344.727	1.597	2910	6.82
344.701	1.496	1138	6.919
341.537	-1.186	981	7.386
340.683	-1.92	865	7.415
335.46	-6.251	1510	9.7
347.829	3.321	3910	9.55
341.997	-1.517	1031	8.336
330.662	-10.334	700	7.07
346.049	1.3	1080	7.6
344.966	0.458	1440	9
355.15	8.011	900	8.52
339.606	-4.033	3612	9.285
344.439	-0.454	2200	9
2.727	13.066	5271	9.175
317.717	-19.339	1490	9.315
347.731	1.972	479	8.497
347.492	1.733	1695	8.05
348.904	2.608	1723	7.7
341.418	-3.173	     	
349.889	3.075	1900	7.17
345.8	-0.164	1422	7.995
36.294	29.166	1140	9.3
348.246	0.483	     	
347.342	-0.39	1260	8.78
347.432	-0.618	     	
347.902	-0.688	2100	8.2
346.782	-1.513	1388	7.7
351.201	1.36	1077	6.823
345.279	-3.056	996	7.058
353.997	3.009	750	8.01
349.127	-0.441	6000	7.78
348.703	-0.767	3300	6.6
351.311	0.623	414	7.14
351.146	0.475	1025	8.7
349.963	-0.975	714	
328.893	-14.754	500	7.03
349.156	-1.774	1818	8.35
353.165	0.895	1205	8.6
353.161	0.892	1995	7
340.088	-7.907	888	9.057
353.091	0.641	290	6.85
353.011	0.256	816	7.95
357.525	2.844	1000	8.85
355.856	1.644	850	8.5
348.501	-3.403	1500	8.77
355.172	0.987	3500	9.1
355.502	0.986	2588	8.415
351.736	-1.645	1467	7.94
349.195	-3.341	7086	9.2
354.1	-0.173	855	8.9
355.911	0.907	1699	6.67
355.117	0.209	1802	6
358.37	2.138	1215	7.2
355.69	0.041	985	6.962
354.285	-0.917	2325	8.875
352.601	-2.166	1948	8.675
355.984	-0.112	     	
355.064	-0.742	1211	7.063
347.76	-5.509	3210	9.2
356.01	-0.304	1343	7.29
353.93	-1.774	1192	7.506
2.201	3.445	     	
333.982	-13.805	1500	8.78
352.88	-2.498	1466	7.351
17.025	12.309	161	8.1
351.734	-3.338	880	8.65
353.517	-2.292	8208	10.1
354.288	-1.916	500	8.81
357.399	0.001	     	
3.731	3.96	3054	9.2
355.659	-1.177	2400	8.7
352.582	-3.242	950	8.78
356.58	-0.777	487	7.974
349.987	-5.145	760	8.69
0.381	0.961	     	
344.288	-8.968	211	
355.265	-2.384	2471	9.15
354.778	-2.863	2486	9.2
356.932	-1.549	741	8.087
355.677	-2.383	     	
359.994	0.156	1182	6
359.421	-0.518	1000	7.17
359.738	-0.333	1514	7.08
30.619	17.082	352	7.634
357.94	-1.605	778	7.347
0.314	-0.193	     	
0.315	-0.205	     	
3.656	1.783	1192	9.1
359.221	-0.96	2100	7.7
26.749	14.662	280	8.61
353.132	-4.937	800	8.65
0.555	-0.529	1310	8.2
0.144	-0.844	600	9.17
358.44	-1.919	1346	6
355.393	-3.759	560	9
0.549	-0.814	     	
0.589	-0.832	     	
0.565	-0.855	     	
0.584	-0.869	     	
359.478	-1.601	2080	8.134
15.198	7.655	650	9.01
1.578	-0.388	     	
359.767	-1.873	766	8.87
1.005	-1.15	5246	8
0.27	-1.643	6664	7.88
1.238	-1.085	2626	9.1
29.94	14.938	1180	9.54
0.009	-1.877	1828	9
6.593	1.959	1100	8.4
2.717	-0.341	     	
2.212	-0.643	1440	8.4
1.391	-1.178	7575	8.4
355.861	-4.501	301	8.475
357.863	-3.341	750	9
6.18	0.846	4340	9.65
355.748	-5.254	1000	8.31
9.894	2.834	628	8.477
6.584	0.783	2418	8.7
16.42	6.234	810	9.58
3.89	-1.031	     	
358.765	-3.973	3007	9.2
22.282	9.328	5500	9
1.083	-2.732	     	
5.199	-0.469	4513	8.4
5.149	-0.515	1390	9
1.885	-2.441	     	
341.353	-13.532	2362	9.7
2.248	-2.293	986	8.87
11.554	3.028	1230	8.6
5.286	-0.585	930	9.3
4.851	-0.921	1450	8.9
6.41	-0.236	550	9.05
29.75	12.517	249	7.506
6.388	-0.499	578	6.996
37.378	15.89	1436	9.3
7.952	0.328	2434	6.5
7.086	-0.287	816	7.368
2.881	-2.844	1900	8.18
7.907	-0.03	1720	8
7.677	-0.355	1205	7.07
9.686	0.764	2525	6.6
6.083	-1.331	1330	6.867
335.282	-17.142	1706	9.1
355.707	-7.3	     	
8.906	-0.268	1468	8.55
3.6	-3.25	7376	9.5
10.249	0.321	2940	6
7.328	-1.382	938	7.849
8.329	-1.05	2500	7.22
8.504	-0.984	     	
9.11	-0.718	3470	7.5
58.099	22.259	2330	9.36
11.762	0.648	1775	8.62
6.475	-2.389	1800	8.1
7.138	-2.137	1200	6.84
13.434	1.159	3400	6.92
2.359	-5.402	1211	9.49
9.409	-1.651	1000	8.71
7.001	-3.002	660	9.5
16.71	2.245	4415	6.1
9.063	-2.09	460	7
13.35	0.068	4736	8.4
11.983	-0.931	1471	6.882
15.545	0.914	850	8.78
9.283	-2.534	2040	9
6.158	-4.278	1500	8.04
352.384	-11.334	7562	9.2
12.733	-0.871	1481	7.799
11.422	-1.712	1640	8.65
12.455	-1.174	2330	7
12.352	-1.243	1190	8
17.207	1.288	1720	8.48
14.307	-0.288	1100	8.6
12.36	-1.342	1790	7.46
11.661	-1.744	1760	7.14
18.247	1.695	1696	6.81
12.86	-1.306	3600	8.3
40.216	12.758	550	8
16.954	0.793	1800	6.11
5.214	-5.537	     	
14.183	-1.011	1296	7.223
0.658	-8.158	750	8.27
330.844	-20.878	2314	9.65
15.095	-0.745	1300	6
16.816	0.027	3065	8
0.035	-8.855	     	
16.661	-0.32	1990	8
16.583	-0.467	1220	7.7
16.68	-0.448	2130	8
19.045	0.795	1335	8.7
15.024	-1.63	1318	7.3
12.397	-3.228	1755	7.685
21.05	1.2	5785	6
16.965	-1.035	1258	8.25
343.777	-16.997	385	8.8
18.444	-0.415	1640	7.4
19.481	-0.177	2600	8.6
36.011	8.328	376	8.629
19.744	-0.559	1550	8.4
17.156	-2.277	2325	8.905
19.604	-1.028	2239	8.85
18.915	-1.52	700	8.86
19.694	-1.201	1800	7.48
13.702	-4.434	620	7.965
16.784	-2.918	1173	7.5
19.871	-1.352	1735	8.6
16.478	-3.112	1140	9.5
20.004	-1.398	2062	8.65
15.782	-3.588	1245	8.6
21.635	-0.785	1369	7.566
20.749	-1.278	1600	8.65
13.907	-5.601	800	7.88
24.294	-0.287	1164	7.162
36.381	5.242	484	8.699
26.23	-0.144	5900	7.3
24.119	-1.264	1342	8.585
351.285	-16.619	3830	8.945
28.12	0.438	1381	6
27.897	0.262	1067	7.5
28.039	0.167	1422	7.95
26.355	-0.788	1197	7
27.237	-0.409	2700	8.3
1.548	-12.942	800	8.33
28.281	0.011	1206	7.862
27.734	-0.667	2289	6
31.138	0.833	2300	7.81
23.879	-2.914	1660	8.26
29.09	-0.443	1174	8.25
33.032	1.152	5387	6.1
9.255	-10.792	1150	9.28
27.355	-1.947	2178	7.893
29.491	-0.98	1516	8.3
15.893	-7.918	280	8.71
35.145	1.752	1900	8.95
37.128	2.633	1910	7
31.816	-0.121	2069	6
29.621	-1.385	1388	8.695
16.488	-8.031	320	7.5
28.219	-2.218	2974	7.863
27.307	-2.776	1877	8.4
42.12	4.715	1075	8.178
33.112	0.056	3800	8.6
14.883	-9.236	690	7.803
66.863	15.515	390	7.731
32.183	-1.206	1413	8.6
15.395	-9.593	789	7.961
38.256	1.778	1413	7.1
42.959	4.105	4457	8.975
52.771	8.737	546	8.95
43.035	3.914	4389	8.975
9.062	-12.983	2800	9.5
42.842	3.577	1105	8.95
25.749	-5.686	1000	8.93
33.556	-2.259	1466	8.7
60.367	10.922	1111	9.15
44.398	3.102	700	9.16
64.377	12.663	350	8.01
33.692	-2.484	3000	9
17.434	-10.67	2120	8.7
34.33	-2.784	2687	8
3.592	-16.984	1089	9.1
43.211	0.967	3900	
40.361	-0.7	828	8.95
38.647	-1.638	1340	7
38.598	-1.688	1421	7.719
39.088	-1.681	1507	7.79
36.309	-3.211	2847	9.1
48.357	2.455	6288	9.1
46.853	1.624	860	7.493
45.948	1.052	3026	8.75
45.948	1.052	3308	8.76
67.994	11.587	350	8.52
355.015	-21.894	1400	9.11
39.976	-3.003	2160	8
45.652	-0.182	1030	8.5
21.012	-12.816	295	9.4
35.007	-6.063	1185	8.95
345.871	-24.719	3276	9.5
53.212	3.354	1800	9.11
338.952	-26.173	1787	9.1
50.04	1.146	2350	8.6
0.498	-21.321	1995	9.2
69.958	10.904	5035	9.92
50.197	0.765	3900	
48.547	-0.182	2110	6.95
47.727	-1.001	2623	9.1
56.167	3.317	1100	8.64
51.677	0.577	2478	7
63.269	6.643	1500	8.79
49.167	-0.979	1380	8.6
47.17	-2.095	708	8.6
44.065	-3.854	2883	9.025
49.393	-1.321	1305	8.48
59.237	3.945	1000	8.59
15.119	-18.022	1640	9
52.561	-0.058	1070	8.7
50.412	-1.342	2600	8.64
57.857	2.645	2980	8.9
51.122	-1.166	2814	8.415
53.77	0.164	1600	7.5
55.326	0.917	1778	8.98
51.104	-1.427	1303	6.7
54.179	-0.612	2700	8.35
55.784	-0.188	2669	6.4
60.247	2.257	318	8.48
69.458	7.261	700	8.37
79.21	12.015	1215	8.799
54.735	-1.243	2480	8.78
38.65	-10.262	     	
54.902	-1.557	800	7.71
61.031	1.734	8329	9.05
61.644	1.908	11900	
73.984	8.491	2403	9.36
62.79	2.152	500	8
72.72	7.557	2642	9.25
59.14	-0.113	     	
40.208	-10.641	500	8.42
57.476	-1.1	3090	8.9
65.057	3.188	2100	9.3
59.402	-0.144	3176	6.5
62.71	1.345	2289	8.69
64.761	2.505	852	8.2
54.6	-3.4	670	8.47
63.844	1.884	7900	
63.576	1.709	2160	9.7
60.194	-0.283	2000	6.89
60.941	-0.108	1392	7.335
60.754	-0.564	7070	8.48
60	-1.076	4394	7
62.316	0.276	2769	8.505
92.005	16.349	1750	9.48
63.453	0.829	1675	7.46
58.865	-1.891	700	8.41
58.263	-2.337	4550	8.98
58.279	-2.454	2540	9.3
46.831	-9.275	600	8.56
60.135	-1.8	1639	7.572
62.005	-0.701	1360	8.7
68.01	2.851	9330	9.29
69.182	3.363	4569	9
50.336	-7.822	2220	9.35
65.698	1.189	2067	7.883
56.279	-4.654	1604	8.05
50.519	-8.009	943	9
74.455	5.986	1100	8.64
70.339	3.511	450	8.31
56.114	-5.152	1410	9.15
51.162	-8.253	1970	9.11
51.293	-8.404	1945	9.11
68.691	1.919	4450	8.7
66.882	0.783	1894	8.7
68.119	1.436	2860	8.75
64.103	-1.295	2628	6.91
67.628	0.856	705	8.11
69.053	1.704	2700	8.4
58.811	-4.682	1467	8.036
89.683	13.527	1704	9.26
70.979	2.575	2090	8.9
83.645	10.129	1845	9.35
63.224	-2.42	3412	8.55
67.652	0.248	710	8.3
66.057	-0.922	5728	8.95
70.305	1.721	2793	7.85
63.211	-2.751	1721	8.95
68.53	0.445	6140	7.85
70.646	1.741	3354	8.2
71.86	2.426	1600	7
72.176	2.607	1700	7
77.659	5.982	900	8.83
51.36	-10.304	1310	9.4
70.45	1.394	800	8.75
73.941	3.576	1400	7.585
69.107	0.519	1715	8.4
79.56	6.839	1189	8.91
70.926	1.272	2750	8.65
31.654	-20.989	513	8.35
65.161	-2.405	1993	8.2
66.984	-1.27	2000	6.6
11.244	-28.189	2402	8.975
70.729	0.963	3924	6.1
77.208	4.999	1200	8.95
76.652	4.629	1670	9
72.645	2.054	1574	6.958
72.536	1.852	550	8.6
74.906	3.298	1548	7.977
71.101	0.854	2645	7.2
72.732	1.744	1600	7.25
60.451	-6.154	1250	8.94
65.929	-2.689	4023	8.9
72.751	1.346	1106	7.011
73.657	1.828	1445	7.6
70.658	-0.152	2588	6.5
77.774	4.423	4296	8.785
71.4	0.273	389	7.832
77.688	4.279	6026	9.2
72.451	0.859	2653	8.35
74.621	2.078	1600	7.05
73.277	1.175	1380	
65.524	-3.962	     	
73.119	1.003	1100	8.91
65.781	-3.849	432	8.2
72.147	0.291	1300	9.05
65.737	-3.921	2567	7.35
65.53	-4.074	597	9.16
75.11	2.137	1055	8.7
67.881	-2.831	3700	9.18
74.317	1.265	1695	8.6
67.899	-3.177	4900	9.3
78.143	3.519	884	6.5
72.111	-0.51	1442	8.95
74.601	1.045	1032	8.29
75.373	1.316	2398	6.87
87.458	9.278	550	8.15
72.071	-0.992	2331	9.345
76.908	2.072	1589	7.4
75.827	1.32	1457	6.7
74.744	0.55	     	
75.76	1.239	2702	8.4
74.792	0.578	1760	9
78.099	2.781	740	6.85
79.686	3.826	1546	8.15
70.242	-2.611	840	9.84
75.707	0.992	     	
75.726	0.981	1760	9
78.426	2.648	2466	6.55
76.122	1.065	972	7.542
78.395	2.532	1238	7.2
77.161	1.667	969	8.1
76.667	1.273	1112	7.116
78.872	2.756	     	
78.775	2.629	1515	8.2
84.552	6.395	6319	9.2
75.715	0.304	633	7.152
66.135	-6.311	1355	9
79.43	2.542	1050	8.4
78.683	2.013	1139	7.127
75.347	-0.5	1295	8.2
76.905	0.594	1540	6.7
74.779	-0.965	     	
80.042	2.693	1078	8.855
83.16	4.822	2040	9.05
80.522	2.944	     	
78.466	1.362	1427	9.005
79.898	2.294	1063	8
78.481	1.15	     	
79.59	1.892	1813	7.35
76.207	-0.545	1087	8.8
313.583	-30.757	2473	9.7
77.628	0.381	1434	8.715
75.354	-1.425	1600	6.9
74.645	-2.084	3100	9.95
78.121	0.297	450	8.47
80.156	1.562	1499	8.155
82.356	2.957	1456	8
95.903	12.304	1800	9.2
80.277	0.948	901	8.2
80.138	0.743	1800	6.6
80.223	0.787	1800	6.6
83.751	3.302	1318	8.93
79.353	0.004	780	8
69.86	-7.147	770	8.858
64.91	-10.743	1250	9.11
80.477	0.617	3091	6.77
81.703	1.494	     	
90.091	7.647	2220	8.9
84.877	3.784	2070	8.05
82.928	2.2	1233	7.9
85.409	3.745	     	
81.498	0.618	1186	8.58
81.748	0.735	1790	6.1
82.33	0.757	857	8.7
81.629	0.15	     	
61.107	-15.198	1070	9.26
76.64	-4.028	1791	8.8
77.468	-3.418	2293	8.4
78.575	-2.8	1150	8.865
76.87	-4.262	1905	8.6
78.018	-3.395	2110	8.9
67.465	-11.508	537	8.1
81.714	-0.596	     	
83.584	0.678	1238	8.3
77.028	-4.604	4431	9
80.292	-2.097	1656	8.1
87.155	2.59	2153	7.8
82.096	-1.715	1060	8.7
78.119	-5.241	2545	9.3
79.773	-4.182	700	8.67
86.217	0.802	833	
83.988	-1.09	852	8.275
87.408	1.535	700	9.11
89.067	2.598	1887	8.775
85.479	-0.467	741	8.9
85.466	-0.478	760	8.54
90.389	3.693	3100	9.09
87.195	0.975	3948	8.91
90.42	3.19	1201	8.92
103.998	14.262	     	
86.204	-1.053	2220	8.745
85.679	-1.519	2700	8.55
88.125	0.607	1236	8.6
88.751	1.052	2533	9.24
86.212	-1.41	1000	
83.129	-4.143	2300	9.6
88.069	0.11	4940	8.6
88.243	0.266	3930	8.95
86.154	-1.697	1758	8.255
84.265	-3.877	1760	8.7
91.336	2.303	900	8.138
90.055	0.927	1734	8.47
64.544	-21.443	1000	9.5
88.295	-1.246	1466	8.5
81.96	-7.171	2928	8.935
87.879	-1.705	951	7.82
91.313	1.493	6520	9.25
90.02	0.281	4100	9.35
79.133	-9.761	1760	8.7
92.931	2.797	1355	8.85
82.885	-6.654	450	8.14
89.576	-0.419	2083	8.64
88.75	-1.244	1236	8.8
93.094	2.846	     	
85.89	-4.15	3326	9.1
88.719	-1.499	     	
90.82	-0.105	1355	8.5
93.027	1.798	3981	7.7
85.991	-5.221	12100	9.6
97.449	5.597	1275	8.9
88.589	-3.591	964	8.3
345.827	-43.901	2933	9.75
92.743	0.463	2280	8.9
92.899	0.59	404	8.35
92.321	-0.162	1230	8.8
89.959	-2.748	1910	8.85
92.499	-0.276	2400	8.938
83.058	-9.883	689	7.977
91.216	-1.695	3600	8
93.559	0.671	1423	8.785
97.926	5.07	8630	9.5
95.267	2.07	7500	8.6
91.426	-2.024	1684	8.48
95.593	2.056	1710	8.14
94.2	0.472	2328	7.5
91.199	-2.905	1442	8.233
92.561	-1.646	1268	8.244
94.407	0.22	1298	8.142
92.403	-2.242	326	8.445
69.963	-24.302	765	9.18
96.122	1.579	1934	8.8
94.254	-0.775	1500	9.15
91.043	-4.348	1785	8.95
94.453	-0.744	2700	8.66
96.376	1.24	4724	8.85
96.272	1.103	1075	8.78
96.542	1.265	4499	9
96.752	1.083	8435	8.7
99.312	3.734	835	7.054
97.071	1.002	550	7.75
96.071	-0.333	1940	8.915
105.404	9.885	1070	8.08
96.484	-0.392	6699	8.95
95.587	-1.548	1676	6.85
97.907	1.15	1445	8.6
97.342	0.429	2307	7.254
105.347	9.485	2100	9.55
100.364	3.597	2650	9.05
98.709	1.544	2201	9.31
96.161	-1.589	1680	8.6
98.488	1.063	6001	8.895
96.467	-2.102	1867	9.25
96.629	-2.023	1800	8.45
99.092	0.964	1116	9.1
99.242	0.949	14655	8.1
94.383	-5.495	852	6
104.012	6.457	789	7.278
105.072	7.318	5600	8
97.451	-2.543	600	8.59
99.494	-0.318	5000	7.03
99.717	-0.075	1930	8.4
70.094	-34.279	1080	9.65
104.849	5.394	1200	6.67
95.496	-7.339	1168	8.617
99.644	-1.832	6000	9
110.898	13.084	2003	6.88
99.762	-2.213	2088	8.85
104.451	4.148	900	7.02
103.345	2.208	2578	9.3
101.405	-0.596	2616	8.436
99.942	-2.71	2600	8.9
104.152	3.229	3399	9.15
102.812	1.228	1169	8
102.701	0.782	3330	6.9
112.063	13.906	3990	8.8
110.272	11.364	1964	9.295
101.975	-0.6	1740	8.6
98.857	-5.524	808	8.058
101.368	-1.852	3467	8.65
101.438	-1.831	7900	9.5
104.718	2.834	2500	7.68
101.363	-2.203	2346	6.982
105.152	3.409	4427	9.1
103.091	-0.082	2200	9.1
104.359	1.766	5610	8.715
106.724	5.305	800	7.4
102.783	-0.701	3600	6.7
102.809	-0.674	3600	6.7
97.732	-8.387	1000	8.83
104.034	0.921	2830	8.2
103.095	-1.185	2630	6.996
103.583	-0.598	2270	6.7
105.742	2.541	5502	8.85
104.445	0.288	1620	7.86
101.883	-4.588	2450	8.45
105.471	1.203	3343	7.65
106.821	3.308	4150	7
103.71	-2.099	3180	7.6
104.736	-0.6	2500	7.08
103.564	-2.591	2500	7.73
103.102	-3.415	2500	8.835
104.179	-2.212	3864	8.905
95.911	-15.902	700	6.98
105.781	0.055	2300	7.7
95.465	-17.814	810	7.3
106.643	0.364	2410	8.4
105.896	-1.054	2550	7.7
107.124	1.147	2585	7
106.637	-0.392	3392	8.98
106.958	0.117	1726	8.85
104.746	-3.999	250	8.41
103.856	-5.648	3739	9.4
107.141	-0.884	2222	7.077
107.898	0.574	2890	8.95
101.735	-11.483	600	8.48
108.216	0.593	     	
104.794	-6.422	1310	8.78
106.75	-2.953	4799	8.925
107.762	-1.017	3010	8.1
109.617	2.36	5763	8.4
109.861	2.764	7001	9
109.134	1.12	2300	7.15
108.481	-0.396	3379	7.446
107.613	-2.275	4150	9.15
108.317	-0.807	4739	9.2
108.955	0.272	1190	7.6
110.178	2.765	1500	7.01
106.71	-4.901	1000	8.8
109.402	-0.232	3208	8.6
110.728	2.669	1800	8.25
110.858	2.749	831	8.79
110.93	2.763	700	7.85
109.993	-0.086	1664	9
110.204	0.014	3065	8
106.586	-8.454	800	7.26
110.693	0.47	4570	9
110.57	0.144	1967	8.557
112.26	4.135	350	7.82
110.903	0.064	3480	7.35
110.969	-0.749	2329	8.83
111.572	0.565	2644	8.7
111.468	0.14	1200	8.664
111.35	-0.225	2114	7.095
111.611	0.368	     	
109.935	-5.963	900	8.44
115.952	10.106	4900	9.5
112.819	0.434	1400	8.2
112.841	0.134	2510	7.6
113.66	2.458	3775	8.05
111.229	-5.365	1000	8.69
113.994	2.032	1252	9
113.003	-1.037	     	
109.513	-11.608	1534	9.3
113.015	-1.04	1859	8.9
112.985	-1.527	805	8.35
114.504	2.631	2693	8.75
111.9	-5.697	1600	9.086
112.841	-2.865	1900	8.3
113.908	0.452	3450	8.2
111.512	-8.655	480	8.4
117.399	10.788	1607	9.3
110.566	-12.535	500	8.26
114.025	-1.047	2370	8.2
113.013	-4.831	9638	9.5
114.611	0.219	     	
113.982	-3.11	1998	8.65
114.302	-2.643	1250	8.802
115.123	0.319	2144	6.775
114.557	-2.49	7379	8.95
115.197	-0.985	2012	8.55
115.106	-1.426	     	
115.785	1.241	2800	6.98
115.795	1.245	     	
117.163	6.477	2892	9.048
115.792	1.002	2680	7
108.884	-24.933	     	
115.946	0.683	2103	7.163
115.968	0.27	7900	9.8
115.667	-1.173	1732	8.7
102.739	-44.273	1500	9.17
116.208	0.336	3400	7.03
116.121	-0.151	2490	7.85
116.325	0.665	1260	8.6
116.206	-0.354	1937	8.25
117.05	2.31	2530	7.3
116.421	-0.776	2750	8.2
117.315	3.137	     	
115.532	-5.385	1795	9.15
116.559	-0.568	2000	7.588
116.589	-1.009	2944	7.749
116.376	-2.163	2105	8.65
116.575	-1.533	5875	8.705
118.127	5.644	780	9.3
